{"pr": {"r": [[1.0, 0.7002724795640327, 0.4359673024523161, 0.0]], "p": [[0.10041039671682626, 0.5266393442622951, 0.5925925925925926, 1.0]], "auc": [0.5890405779256707]}, "roc": {"fpr": [[0.0, 0.03345498783454988, 0.07025547445255474, 1.0]], "tpr": [[0.0, 0.4359673024523161, 0.7002724795640327, 1.0]], "auc": [0.8186092437531906], "threshold": [[3, 2, 1, 0]]}, "n": [3]}